,SpeedUp Par,SpeedUp JL
bs = 10,0.9977670522825143,9.504435967656955e-06
bs = 100,0.9937996845178797,9.488925373165833e-07
bs = 500,0.9391697394937844,1.8975225105484928e-07
bs = 1000,0.8865191255536418,9.494479638747655e-08
bs = 5000,0.5969256291200415,1.908229703109549e-08
bs = 10000,0.41369046923588615,9.543209666987598e-09
