,1 worker,2 workers,4 workers,6 workers,8 workers
SpeedUpPar1,1.0347244998209886,1.385001902965753,1.8749027965662606,2.1463430582752654,1.938086780622383
SpeedUpPar2,3.5576450765882406,5.026161631499843,6.3976237510963685,7.1619215846640385,4.50476640494401
SpeedUpPar3,4.290919028417349,5.942577279115176,6.816515003691954,4.653824233245965,2.7452258700317587
SpeedUpPar4,4.5274252692803065,6.684747975515908,5.056573820560576,3.580799320503011,2.1529811579454172
