,1 worker,2 workers,3 workers,4 workers,5 workers,6 workers,7 workers,8 workers
SpeedUpPar0.2,0.6668909052346367,0.6348856857123326,0.6243536444990029,0.46037389003822554,0.45533104309029554,0.40949477691384156,0.3683140631685059,0.3296366414023916
SpeedUpJL0.2,0.8187412816039236,1.5561377548309334,2.315788734356616,3.0119480650301313,3.6319075160439027,4.240374806542748,4.686846835435014,5.303314137860623
SpeedUpPar0.8,0.9338201060313988,0.9244282208516956,0.9189453378733007,0.8401004007289614,0.8121487345859913,0.7730482141702756,0.7359080821569455,0.7035223269572155
SpeedUpJL0.8,0.2405177851546982,0.4771521175304655,0.70729385549116,0.9409930237244739,1.1623752216482246,1.3557900555990416,1.5709315624366869,1.7966123842467103
SpeedUpPar2.5,0.974936082646961,0.9726919055810103,0.9712411540092698,0.9421684792096154,0.9297979258400857,0.9155143362873007,0.8988116738990121,0.8828053931730228
SpeedUpJL2.5,0.07997175479320107,0.15938732422652724,0.23758724124706862,0.31742587375767856,0.39546310362582315,0.4634332711263539,0.5416048301164205,0.6249772863698302
SpeedUpPar4,0.9847570961984057,0.9830227484343664,0.9825566858550794,0.9635483913301112,0.9545880775951268,0.9453796870855935,0.9368140293392748,0.9205236730837315
SpeedUpJL4,0.05032014773038905,0.10044720369923692,0.14975274617275058,0.2002249791419535,0.24997851338721613,0.29331645727785105,0.34283412799751756,0.3970660768508067
